,0
0,mkaymikayla
1,kimpines
2,tararua
3,filmxfatale
4,madeline2818
5,camillereid543
6,nevskiy
7,mustbkatie
8,thalida
9,autumnlandon
10,cosmiceli
11,moviemegs
12,sydneykrey
13,casshf
14,nxamhduffy
15,leonaitytesam
16,noblewar
17,amb44r
18,bashfoal
19,micksgotmook
20,oc124
21,deanorino
22,rzzlbrry0
23,cilliansheart
24,junkawang
25,summer05
26,newt_28
27,summ3ndebi
28,miacharlotte
29,ilovemydog9000
30,rainepidd
31,mvshvroom
32,nervousyoungsam
33,katieshroom
34,maddyhope
35,ratnbonez
36,molblartmallcop
37,buzzcocks
38,_boggeddown_
39,groovysusie
40,yaint
41,sam_br4inr0t
42,iwantahelmet
43,lilusions
44,_katastrophe_
45,tobi_kins_moe
46,daoocgl
47,hatsonbread
48,horridhenry
49,criterion
50,aubrxie
51,c0raline
52,bunnybear
53,spookyesha
54,londonloves
55,emmmaryaan
56,kiaw1403
57,lmkamma
58,aliceaprilmay
59,jokewill
60,bmsnap
61,vampbot
62,raimibaby
63,stxrms
64,charzar47
65,idontsmoke
66,jjthmsn
67,gothamrat
68,buster12
69,scoutshonour
70,jim_minent
71,maelet
72,spextkr
73,hot_person7
74,haderswhore
75,vanesxr02266
76,hystoriq
77,jaidins2411
78,hawkeyesbf
79,jar0fteeth
80,parislh43
81,poetstark
82,clancygm
83,mmmjjss
84,roman01
85,florences_oscar
86,sarahmitch
87,g3by
88,folie09
89,jaysstink
90,salissodun
91,garfieldirl
92,marinsmovies
93,shysky
94,haleym401
95,yanetg
96,naomzn
97,electr0ryan
98,lvftovers
99,morecoldcoffee
100,maddydd
101,koraduvall
102,rocketsandwich
103,odidonato
104,ladybirdthot
105,neptunedays
106,70shader
107,deoxies
108,fr4nkie
109,bressshh
