,0,1
0,filipe_furtado,8
1,davidehrlich,6
2,theendofcinema,8
3,ironicmajesty,8
4,labuzamovies,7
5,hernand5,8
6,filipe_furtado,8
7,nrh,8
8,silverscreen101,7
9,criticoycitrico,10
10,colonelmortimer,6
11,breramjit,7
12,cornobble,6
13,quinniq,5
14,eely,4
15,tuoto,8
16,keithnh72,7
17,zoltarak,7
18,lifewithnopants,7
19,dirtylaundri,9
20,sundiserite,8
21,kdramagirl,7
22,guimartins,8
23,krazykaat88,2
24,cblaze,4
25,hlnrvr,8
26,danielrabicho,8
27,baggins,5
28,kurdt,3
29,bhlpires,7
30,diegoquaglia,10
31,smilingwolf51,7
32,lil_wheels,4
33,brendanmichaels,9
34,michaeleternity,7
35,dpalm34,5
36,pondthegreat,2
37,rrbm7,6
38,codyworkingman,5
39,anhonestmess,8
40,brifilms,6
41,cduffy,6
42,auteur,5
43,vincentprince,5
44,timcop,7
45,juandaking,9
46,ddibbern,8
47,anxnyac,7
48,quantumpotpie,5
49,dawnzy,7
50,nbfnicholas,7
51,calvinkemph,6
52,irelanddav,7
53,nielsbonde,8
54,interstxllar_,6
55,maietcheverry,10
56,movingpictures,6
57,fuzilfalcao,8
58,pynechone,9
59,tdm5003,8
60,anhonestmess,8
61,ari_,1
62,soundturnedlow,7
63,mortom,8
64,cwbradley,5
65,sydneyshuler,6
66,timothyeraw,8
67,aminosyre,8
68,claireem,8
69,igornolascorm,8
70,jomarchs,7
71,whitepostmalone,8
72,giallofever,8
73,feedingbrett,6
74,ziggystorstrand,7
75,ghostdinosaur,7
76,olevar,8
77,rta,8
78,nissydavi,7
79,janvite,5
80,fared_jogel,4
81,theking0fcomedy,5
82,rubensfabricio,10
83,wonderhall,6
84,rmcaldwell01,4
85,ce1estewright,7
86,treybreen213,6
87,muttfour,10
88,adrianho,7
89,isamather,3
90,micagiaconi,8
91,stephenfurda,7
92,kaleisawaffle,7
93,pher,7
94,matthibbing,2
95,mcp_daskino,7
96,mwooldridge,6
97,r_mcfarl,5
98,cubapuddingjr,6
99,friedpundit,6
100,jdue,5
101,comedyhipster,4
102,marcelocomehere,7
103,bradleyjdixon,7
104,calamityhey,7
105,nictate,2
106,wej32,5
107,themoviewaffler,3
108,fredrikfyhr,5
109,rti03,5
110,quietvermonter,8
111,nielsenex,7
112,nickmillermusic,4
113,dcapps01,6
114,stefanfarian,3
115,ladyinthewater,8
116,colleencav,7
117,davidapunch,5
118,ventura_blvd,5
119,luinalda,7
120,carlxistence,8
121,earthstaylor,9
122,tobitox,9
123,faure,7
124,novideozone,3
125,tjmud,1
126,adamrooney,6
127,zhivago,7
128,lukethorne94,4
129,tvwolfsnake,6
130,paradoxdl,7
131,russman,5
132,parnes,5
133,michael11391,7
134,cappie,7
135,jasondashbailey,6
136,kevin_matthews,3
137,celinde,10
138,cmcmillan,5
139,nickdaknicksfan,5
140,wonderryn,4
141,emmygrooves,7
142,meriam,3
143,bill_wyers143,6
144,olimarc,6
145,_stacks_,8
146,jzgs21,6
147,junkyardgod,6
148,annabelles23,6
149,cinemaesquire,6
150,theaidancorona,7
151,lizard1997,7
152,imperialbobis,8
153,meganbrownie,3
154,jimmyholly,4
155,adicakes,8
156,hvmesick,5
157,hsblechman,7
158,emilystettner,6
159,woodswallstreet,8
160,mad1sonlee,9
161,lukerybak12,7
162,misguidedfun,7
163,sophieweso,8
164,jetforcegemini,6
165,lilliancrawford,8
166,thejazzypenguin,9
167,nicopueblito_,5
168,samwestergaard,5
169,theworminator,2
170,aeriana,2
171,knightwing23,8
172,sfahey,4
173,tobealonelive,6
174,juliebeans,6
175,grac30rtiz,5
176,matiaspepe_,10
177,666martina,5
178,kungfukenny,7
179,canopymanatee,7
180,allabee,7
181,isntapity,5
182,aussieguy82,6
183,mayism,4
184,lastsonoffilm,6
185,thesoundofmusic,3
186,fred99,8
187,jrkeating,8
188,lesani,5
189,jacksonross,6
190,scrumblebunny,3
191,beeawnce,5
192,wds,6
193,jabberwockyings,8
194,jsp00k,5
195,jgoresy,6
196,tony_r,5
197,willik,8
198,mitchell,6
199,carlosrm,8
200,nickvass,6
201,alyssa_hickey,7
202,rubyforsman,4
203,morganzzz,6
204,jbear,4
205,no_slacking,7
206,feyissa,2
207,ethanisafungi,8
208,oliviamudong,9
209,theblakemoran,8
210,leynah,6
211,kt2e56,4
212,scottjj,7
213,samistoked,8
214,maxrebofan420,6
215,benotoole,7
216,divad_david,8
217,freejoeyfree,5
218,drewgoose,7
219,mprangnell,10
220,caitlynnzebet,7
221,coughitup,4
222,starkgrayson,8
223,jrzuela510,4
224,lily2655,8
225,bradr,7
226,indiamcc13,8
227,eteleposky,8
228,shoegum,6
229,lnfoxes,8
230,m1ssmisery,7
231,mselaaron,6
232,petrifiedbrush,8
233,lyssaloves,8
234,adamnshame,8
235,mohamed57,7
236,rileymalonson,5
237,kvnfrdrck,7
238,marydaugherty,6
239,nate_johnson,8
240,alysefran,8
241,bunkook,4
242,meedu,7
243,gabbycjames,7
244,laurenharv,6
245,sydasaustralia,8
246,ethanwtaylor,7
247,livingdeadyke,4
248,pizzadwarf,7
249,0588_63,10
250,sharwho,7
251,hannibalmontana,7
252,maattiboi,9
253,feindream,5
254,macasta,5
255,cwbradley,9
256,margaret_x,1
257,sydkn33,9
258,amassip,6
259,jenmotastic,5
260,ludobags,6
261,niborquinones,8
262,barucho,1
263,jillianmolenaar,2
264,walkurt,5
265,moogan_,7
266,tylekurner,8
267,carlatka,5
268,carlihuana,7
269,keeganhewlett,7
270,danburden1138,6
271,anadamcook,8
272,spectaculibus,8
273,francopugliese,8
274,annavsaliens,10
275,jdestefano,9
276,fercats,8
277,chiaraespinosaa,7
278,buttersgreer,8
279,exorcismemily,7
280,louiszzz,4
281,msmith9873,5
282,deanixara,6
283,novanobhz,6
284,lizy219,8
285,gagablnchtt,7
286,madisonkaelin,2
287,alexrwelch,8
288,hanama_canal,7
289,ludminetx,7
290,hinchadeshrek,5
291,babyclown19,6
292,silvanocosta,8
293,frazzleg123,7
294,toothpickmoe,6
295,jeircho,9
296,filmusicinemike,5
297,ngriff,5
298,alwayscritic,2
299,pstalbot,7
300,matt_sibley,7
301,smallbackroom,8
302,novels,2
303,naturaldiaries,6
304,theloneryper,7
305,adriananderson,4
306,vsm,7
307,davidaa,8
308,wessex,8
309,spencelassalle,8
310,summeranne,3
311,peter_hofstad,1
312,boxofficepoison,7
313,machomanmario,6
314,griffinzane,7
315,moshjurray,6
316,alexfleek,6
317,lancelubelski,1
318,dan_tebasco,6
319,empstrikesback,6
320,stockton2vlone,6
321,timothymcmanus,5
322,wexmick,6
323,tristiac,5
324,roshambo,6
325,billpaxtons,6
326,greg_wood,8
327,elledriver,8
328,kpitman,4
329,bored_dangerous,5
330,carisrianne,5
331,leonorathelion,5
332,shortcut,9
333,otxjunior,7
334,halashby9000,7
335,jb_86,5
336,gaafgaaf,6
337,juliec,5
338,irtaza,5
339,jimmymarkum,6
340,carloslaron,8
341,gambastv,6
342,drjonty,8
343,jaundicebaby,7
344,iloveweed,7
345,gremiin,4
346,andreuguille,7
347,ohliviuhp,10
348,darlingdelmar,6
349,samuel56,9
350,inventedpostits,7
351,hulkbuster5025,7
352,rollinstone88,5
353,lilia_paige,4
354,chivestheonion,6
355,riles154,4
356,paddyconsidine,5
357,suraa,8
358,yeahwow,8
359,georgetown,5
360,benwinter,4
361,jiackin,7
362,samcmac,6
363,mrv,10
364,mariannamr,8
365,isabcllc,7
366,asyouman,5
367,kingkermit,9
368,belooshdad,7
369,therealschmarm,8
370,neenaamm,5
371,emaanaanwar,4
372,itsacriticalhit,8
373,jlescano,6
374,astalavista,8
375,oons,4
376,luisvvv,6
377,jonm,6
378,wastelandbabys,5
379,iciarvc,6
380,freesamfree21,5
381,celiasml14,7
382,iiian,8
383,sareyhayden,7
384,bootymouse,5
385,kmdorman,7
386,danigirllll,6
387,mallorymaybin,7
388,rosiekw,5
389,ashryn3,4
390,nicole_ewing7,5
391,camelreading,8
392,szpowell,8
393,milkyway2,7
394,winsteady,5
395,thebatmeth,6
396,owenwilsonswow,7
397,duplexdan,3
398,michaelknotts,6
399,erphan,7
400,kayfaux,7
401,theacadame,6
402,jacknapier14,2
403,emanzilber,6
404,thejustinquinn,7
405,hannahrose25,6
406,jokerlover13,2
407,cattbutt,7
408,breefierro,6
409,veemasterr,7
410,joegillis331,10
411,forlines,6
412,siddrizzle333,8
413,lsharapata,8
414,metcalfje,8
415,bensinger3,7
416,zmotime,6
417,katewalshs,8
418,rayonfilm,3
419,jamieeknox,7
420,localfruity,6
421,tomimendel,6
422,sendintheclowns,4
423,candacejane,7
424,moviereviewmatt,8
425,secondknife,7
426,jveden,7
427,chicolasneshire,6
428,danigroman,8
429,tuckersomberg,5
430,roffir,7
431,imanqadri,8
432,lukeswan3,7
433,gracecraichy,8
434,elvasquito,8
435,scriptipps,8
436,casssidean,10
437,chandlerprejean,8
438,ryantib,4
439,skizziar,7
440,emmaroseup,7
441,sca,7
442,savannahlwray,10
443,shalinee,5
444,alysefran,7
445,sabrinarheaaa,7
446,avedon_arcade,7
447,joshywinty,9
448,lucidprincus,4
449,roirene,8
450,alliebd,6
451,theameer,6
452,katy_2020,6
453,makaylapolak,4
454,emmykane,7
455,nickquinlan,8
456,cinephile_alex,7
457,dylan417,7
458,lexipex,4
459,wcknapp,8
460,phyli,4
461,loganmitchell,7
462,vitruvian,4
463,tapit12002,8
464,peterbmacd,4
465,amateurdirector,7
466,zoezaharis,10
467,alicewinter,1
468,reaganfg,5
469,mparmentier15,5
470,scsimatrix,8
471,kaylalyakm,8
472,alicedecides,6
473,goodmorningtext,10
474,carriecourogen,5
475,tinybabyhorse,6
476,raytheripper,6
477,andrewnickerson,8
478,lostbyfilms,9
479,merpyx,5
480,danieldvargas,5
481,hellothisissean,6
482,belushiblues,10
483,thrasherboyx,10
484,jackwilly05,8
485,kavanaugh310,4
486,kesjack,7
487,bneve,8
488,eenchvnted,6
489,mmassarelli,7
490,anacarolaar,8
491,andreagai,4
492,synkw,5
493,thatperson_ez,8
494,mara121,6
495,iriamr27,6
496,selberya,2
497,gonzahellis,7
498,albaetc,7
499,xinazomber,6
500,elphabaanne,8
501,joeyl,4
502,likreddy,6
503,julibos,8
504,jgaughan23,6
505,jemiscool,7
506,antonioagregado,7
507,katewalsh,6
508,nicolegole,10
509,garebear__11,3
510,emilianogenez,7
511,saracse,6
512,cin3maticmak3r,6
513,angeltread,8
514,laurani,5
515,nickyparson,8
516,demachine9,6
517,shylocc,6
518,gtsiv,6
519,rwbrta,7
520,krimskrams17,7
521,cegonzalezz,9
522,fewbat,5
523,cinelixir,7
524,putadocrl,4
525,ronnycammareri,5
526,carlosenriquews,8
527,guavi,6
528,xavialfaro,7
529,valeriacast,6
530,julypitta924,7
531,educabanas,8
532,pedrohazevedo,9
533,cynthia_33,7
534,banananana,3
535,heeymart,6
536,amanfern,8
537,rogershrubber,8
538,clteles,8
539,troubletcomet,6
540,gameoverrob,5
541,gwxnxth,4
542,shmicoll,7
543,aaronconci,7
544,anyatayjoy,8
545,carletto92,6
546,rageberry,7
547,rude_boy_bass,7
548,coolhandmax,6
549,zacharyzweifler,3
550,a_socrates,8
551,sinaazari,7
552,iman09,8
553,bitacoraderafo,8
554,kieslowski1985,6
555,tiagomassoni,8
556,jessicascoven,6
557,theuniversai,7
558,stevienicks_,7
559,jennyack,4
560,gabrielabrown,7
561,zukebattista,6
562,marcoscolombres,1
563,ms_lumoreira,6
564,mollismanu,7
565,mquattrochi,6
566,vipjnoel,4
567,pista,8
568,jlucas203,8
569,ccase47,8
570,jacksalvadori,6
571,danielmjsparrow,8
572,louwu42069,8
573,deebs01,5
574,arauj0,8
575,opseudocritico,8
576,axeltorres,10
577,acciostephs,8
578,fatjow,8
579,deebs01,3
580,oblivionflmclub,8
581,nicolefun,8
582,kiavash,8
583,pocketcrocodile,5
584,blxckalex,4
585,puddleclub,8
586,deadboylifee,7
587,pro21,6
588,evemcp51,6
589,mistertasteful,6
590,sevyway123,6
591,puffgyy,3
592,yahdine,7
593,neildeal,6
594,uglytruth_,4
595,rawoneth,5
596,davidthewlisfan,10
597,milf_ahs,6
598,stephenmaiolo,5
599,jxles,1
600,salicence,6
601,teresaconnolly,7
602,sabludwig,6
603,mattxwelch,7
604,lillyspree,6
605,owendilfson,8
606,juliandrade,10
607,clancygm,7
608,vickyvalen29,4
609,davincitabasco,4
610,tocarli97,10
611,alyssanisrina,7
612,postpablo,7
613,junderwood,5
614,manosmagic,10
615,me701203,7
616,7exes,6
617,bnkwonta,9
618,astaeli,3
619,dianesherman,8
620,nicknotnolte,5
621,gastonerless,10
622,aftnl,6
623,kwametsunami,5
624,haileyann,7
625,atomicblondes,5
626,dianaprinceisbi,4
627,ashonfilm,7
628,auroraolivieri,6
629,moreviolinsontv,9
630,dianesherman,8
631,cinefilo743,5
632,nicolasdamgaard,6
633,aliceoco,7
634,tjmud,2
635,kweir,2
636,wengweng,4
637,bonniemariec,3
638,venomsnake5891,7
639,caulfieldholden,7
640,devotedly,3
641,pgcooper,4
642,matirodri22,8
643,goatmoviecritic,2
644,hankmeldrum,7
645,michaelawadz,4
646,mastertheben,8
647,meringues,4
648,alice_a,3
649,jacobgallagher,1
650,sexybeast1699,8
651,tawnya,1
652,timothysalami,7
653,garfinkel,5
654,ironrescue,6
655,cdundas,5
656,meanoldpig,6
657,gabriellemcosta,6
658,jiackin,7
659,bklinkner,4
660,robotsrthebest,6
661,smhisleno,9
662,grrlkiddo,6
663,mikeysarkisian,7
664,erikwallmark,7
665,makweeks16,1
666,redman79,6
667,nickrhamm,5
668,pogoclown,8
669,kmcmackin,7
670,somethingcool,6
671,axxonn,2
672,amilcarboetto,8
673,nayanc,7
674,calebhall,7
675,spinwithagrin,7
676,psychotic,5
677,katschmitz,4
678,alexlei,7
679,samtetris,10
680,cjfilm,6
681,alef199,7
682,joyistheaim,7
683,clarissavaughan,7
684,boogienghts,6
685,enterthegecko,7
686,cinesmith,4
687,susieboo,5
688,dammitdaniel,8
689,drstrangeblog,6
690,poxaemi,8
691,trasha,7
692,taylorbundy,6
693,a_v_b,5
694,llellostick,6
695,jib,4
696,charliefoxvol2,5
697,sublevel4,4
698,returnofsmith,7
699,bobcashill,4
700,eely,5
701,cascione,6
702,bettyblue,8
703,futurhythm,4
704,ameliapondering,9
705,g4mbit,4
706,rhiannatoria,7
707,gbxavier,7
708,darionadile,5
709,okcordero,8
710,llfin,5
711,drew_phillips,8
712,valjean,5
713,matt_skylar,6
714,tehfreddie,6
715,misterda,6
716,copperoxides,8
717,thegingerprince,2
718,kylebailey,7
719,bulletproofqpid,5
720,squidgygoat,7
721,mrfartonbink,4
722,emonemo,3
723,shaggypc,8
724,pelupop,6
725,crisogando,7
726,shrim123,2
727,ejdzsin,3
728,robertregan,8
729,aaronblocke,6
730,chrisz,6
731,cinepillolenaz,7
732,anny,7
733,artyficial,8
734,lazaros,8
735,zacheney,5
736,csweda,5
737,brandon_260,7
738,gcf,8
739,pschmidt24,6
740,jujucarrington,8
741,brittanyalyse,5
742,moviereviewninj,9
743,russellreno,6
744,cinenaste,7
745,whipstaff_manor,6
746,stevepulaski,7
747,benface,9
748,thommoj03,6
749,nathansizemore,8
750,dhsilver,6
751,digg,1
752,kleberbriz,7
753,aznan,5
754,_jorgos,8
755,greatdane123,7
756,millieg1,6
757,contrarianalex,4
758,maxtheperson,8
759,marilianevesv,6
760,francylorena,8
761,chabeng,10
762,circleoffilm,3
763,robx,6
764,ahstanleykubric,5
765,claradeleon,5
766,dismoviepod,6
767,joeylopez,8
768,mhffman,6
769,lauranande,8
770,hannibalplanet,8
771,meg10,6
772,woas,1
773,chloevill,7
774,graytecritic,7
775,powerofhypnosis,8
776,rubydtz,2
777,laubertapop,7
778,sethcertified,6
779,mcande902,8
780,ian8hale,6
781,lilumiao,8
782,adventuregranma,6
783,jennapaige,9
784,broeho,1
785,drew_phillips,7
786,rantonucci,6
787,brueri,8
788,mquandt,6
789,lowthar,6
790,mitchwhales,7
791,swiggydswirl,4
792,maddykeep,7
793,amclapham04,6
794,hmf,8
795,willowsimone,8
796,skylarostrich,9
797,avadelaine,8
798,samvacc,6
799,zer0na,8
800,trublinparadise,1
801,madierhays,8
802,sroodsal,3
803,wonga,7
804,mayodemon,6
805,aswygs,1
806,lsmac,6
807,kcbalser,3
808,jennyiraci,10
809,annawatchmovies,6
810,gagetolinwrites,8
811,alexsava,8
812,amlee9001,2
813,rainewoman,6
814,hallefrieden,6
815,livwgnr,6
816,danjrusso,3
817,thegaychingy,8
818,artdarko,3
819,medonotlikeyou,3
820,reemadai,4
821,jackrho22,6
822,roseridleyjones,6
823,bergen13,5
824,macygreenwood,8
825,merlloyd,6
826,hilaryjanesmith,5
827,julieaneane,3
828,mimikitty,9
829,tofumommy,3
830,ktepi,5
831,hkotler,4
832,mh47,6
833,humilityenjoyer,8
834,mrmartinez281,7
835,kleiothegreek,7
836,anna_french,2
837,eddietr,7
838,dssquared89,8
839,emersonn,6
840,freires13,6
841,julia_2,6
842,ignoramus,7
843,callender,7
844,sdatta,8
845,baylinell,6
846,annaisa,9
847,ravynes,6
848,danieldelong16,8
849,mwdoyle,6
850,junopip37,10
851,mycolorschange,7
852,potterlives,7
853,anabellav,6
854,fazehoover,6
855,darinasokolova,8
856,rileyxcaffey,6
857,evanherron,7
858,lizttv,7
859,savnnyleigh,5
860,staniston,6
861,mindamaureen,4
862,naddodie,8
863,frantomas,6
864,laceynoelle,6
865,gveets,7
866,kbourget,5
867,catherinecahn,9
868,hypocritypical,8
869,quinnmccormick,8
870,xtina666,6
871,filmkrys,4
872,starrfilm,6
873,slucitt,4
874,jcanfiel,4
875,0l1714,2
876,madslayton,5
877,grantgentry,7
878,element_devious,7
879,willaivyy,1
880,sillybandz,8
881,brendanpsargent,3
882,squids_are_cool,7
883,mikamanoo,7
884,jameson_west,6
885,ringowardo,6
886,marisaholliday,6
887,rubyolivia5,6
888,cowboyromance,4
889,softparade,7
890,daxwhitston,5
891,jahzeel,5
892,illclinton,4
893,allaena,8
894,parker_gibbons,3
895,assholeiguana,6
896,mackmagfilm,4
897,yos_11,6
898,leahfagan,4
899,ziggytsardust,1
900,hannahherndon,4
901,gsu80123,7
902,nicofulton,6
903,jerseydevi1,8
904,myhousekey,6
905,rachillustrate,5
906,joeman1,9
907,happyyhobbitt,7
908,vaughaal,7
909,shmelliott,2
910,jsnakeus,8
911,peachfuzzcritic,6
912,solopoli,6
913,edenthatapple,9
914,whitneya,6
915,hotbikergirl,4
916,owenwilsonkissr,2
917,teamgale,4
918,leuk_emia,5
919,smellis18,7
920,kaylamcc,5
921,pjimenez810,8
922,jacklvstheworld,6
923,ellavodrazka,6
924,zaddyzach,6
925,motif,6
926,r_m_taliaferro,7
927,jr22,7
928,bossswanqueeen,10
929,sickmovielover,8
930,heegs,10
931,heybestie,7
932,jmoore6,6
933,isabellaali,5
934,wickedrick,8
935,edtesler,5
936,tman8910,8
937,argyletulip,6
938,combito,5
939,superradcooldad,7
940,leeky614,3
941,suckerpunch2k15,10
942,lethargilistic,6
943,viviennezammit,6
944,dariusmf,7
945,hiimsanj,7
946,r_o_s_e__,4
947,hyrtegon,6
948,biggiesize89,3
949,irishj16,6
950,lydslopic,5
951,forty9hills,2
952,gustavanderson,8
953,capitolfi,8
954,pshawcensor,8
955,politewasp,7
956,rachelp11,10
957,jamesspratt,7
958,kamrynr,6
959,fdsaninha,8
960,myrsie,5
961,gmw237,5
962,zeenies,6
963,djkennyj,4
964,faveamanda,7
965,moviewatcher69x,4
966,arthennessey,6
967,abc_1234,7
968,glorp,6
969,steveglansberg,4
970,nachosuarez,6
971,sunniesux,8
972,bboylan13,6
973,thekaylie,6
974,toegirl456,9
975,emiliesu,7
976,floruccii,7
977,evie1322,8
978,erinlizzle,5
979,ajisokay,7
980,xenomorrphic,5
981,soniast,6
982,jfreese,7
983,alainabrynn,6
984,armandoarrojo,7
985,antisocialboy,7
986,dechacon,6
987,lorettalove,5
988,samanthakras,7
989,kennotbarbie,5
990,daniarbs,7
991,lexn,6
992,jack_davy,6
993,truetthanes,3
994,rkenf,6
995,jenboz12,7
996,nikoriana,8
997,dzasada,8
998,jbodes,6
999,charlesss,6
1000,rougegoat,8
1001,magalic,4
1002,ohheyvoid,8
1003,jlowe,4
1004,flying_elephant,8
1005,dylanwind,7
1006,gabriszka,7
1007,fayedrilentine,10
1008,irelynpelka,10
1009,dreacatherine,7
1010,ezequiel2517,9
1011,rj_macready,6
1012,peepeepooopoo,8
1013,youbetterwatch,5
1014,munjai,8
1015,tyvis,6
1016,arck,6
1017,jamesnsummers,2
1018,challie67,7
1019,gsalis,6
1020,sayheyrah,7
1021,stellaschneider,4
1022,jupap24,6
1023,schhhwabie,5
1024,kmrados,6
1025,jillischill_,7
1026,cinemastreets,7
1027,ashlyndunn,7
1028,lizkavanagh,1
1029,seandooolan,6
1030,elenamichael,2
1031,heirrress,6
1032,summermae,10
1033,jerbigelow,7
1034,cbourgeois48,8
1035,davidrind,5
1036,lilydear,5
1037,mrsmagic,2
1038,heyimajoe,2
1039,astrovirus7,5
1040,iwishiwasafinch,6
1041,interjaketion,6
1042,juptoonk,4
1043,koswald17,8
1044,beanbagsflicks,6
1045,adalauren,6
1046,bpennick,4
1047,brucecampbelled,4
1048,audtree,6
1049,cedric_diggory,4
1050,ondreya_seahorn,6
1051,mailman007,5
1052,kelseyshea,5
1053,ishanparikh,5
1054,abkayej,6
1055,maybegreat,6
1056,gike3,5
1057,kimye4ever,2
1058,livelysanders,6
1059,bonniebee,4
1060,jack_black,5
1061,nikkimori,5
1062,fazazzle,6
1063,merlinkiliemrys,4
1064,fallenangel,6
1065,zeppom,4
1066,lberkman,6
1067,bridgeleav,5
1068,allcatsrgrey,5
1069,karinar,5
1070,ameliavaught,6
1071,satchey,4
1072,alxmllr,6
1073,glitterdocs,3
1074,fridgeaddict,1
1075,jithmi,6
1076,oxymoron327,6
1077,zamane,4
1078,kymattson,4
1079,bea29,6
1080,samneill,5
1081,chucksmash27,6
1082,mcw2pc,5
1083,honeybunbitch,1
1084,estherwaters,5
1085,gabriellemilman,6
1086,fruitydinobite,4
1087,patriciaw04,6
1088,loganlongacre,6
1089,amygirl98,6
1090,0bella0,4
1091,rachelhuns,4
1092,justadambeaver,6
1093,dannysdick66,8
1094,rigatooni,1
1095,jullman21,5
1096,therealyakul,8
1097,maurensparrow,6
1098,trillcloud,6
1099,alyssajemiolo,6
1100,dominicoe,7
1101,rociosergio,8
1102,khuzyagaleeva,7
1103,bigboyhenry,8
1104,rednaxela5,5
1105,bwuddercwup,8
1106,bbmbaby,7
1107,ria444,8
1108,captainmaxerica,1
1109,brissa_a,4
1110,brother_jav,2
1111,odcode,5
1112,jogiiswatching,8
1113,scotty3chainz,3
1114,rcowper,7
1115,collin_wehr,4
1116,djkinney13,8
1117,flicklover55,6
1118,teiganbeck,8
1119,gsmith2,3
1120,torolb,6
1121,marissa22,6
1122,aredmond37,2
1123,adamsannika,7
1124,mcanavan17,5
1125,calebrc,4
1126,justinrizo,6
1127,emilyygift,7
1128,jorgeriveira14,5
1129,_carolinagarc,3
1130,abbytron,6
1131,blake_chatt,7
1132,justinliberman,7
1133,scottdillon,6
1134,2percentwill,6
1135,candegsmurra,5
1136,_hayden__booth_,5
1137,huntte49,10
1138,danilocpaz,5
1139,netomarcus,9
1140,californiamaqui,7
1141,tim2324,8
1142,cine_crawler,6
1143,irequirechocola,7
1144,goth_vader,6
1145,amarachi,6
1146,kevinholmes,4
1147,faesbook,10
1148,ksambl,10
1149,notangelaaa,5
1150,letterstolex,7
1151,aoifew,6
1152,curtisjmedina,6
1153,colorss,10
1154,jongoodboy,5
1155,uriel_ukko,7
1156,noemiw,5
1157,krawce,7
1158,leocohen,7
1159,terratrini,8
1160,mickxel,7
1161,floppyadult,6
1162,artvandelay37,9
1163,edulacerda,7
1164,dabulk2,7
1165,mad3lyn_,9
1166,vsartorio,7
1167,noacapelas,8
1168,phoswo136,5
1169,softyoungcynic,6
1170,jcodoyannis,4
1171,hcarroll99,7
1172,magnusacollins,7
1173,sofanadal,9
1174,ghostman10,8
1175,lucasgomes,6
1176,tata0911,8
1177,esett,3
1178,jeffries777,7
1179,foscasbalcony,8
1180,sctully3,6
1181,americo,5
1182,bellamoraes,7
1183,stimon99,5
1184,algebros,8
1185,diegolubezki,6
1186,sondrelerche,5
1187,thedanascully,10
1188,leccornie,6
1189,memideus,7
1190,larottanelson,8
1191,bananarama_moon,6
1192,flipp,6
1193,jonathonrl,9
1194,ageofimpala,7
1195,jhb995,8
1196,heyizlan,6
1197,obsessiveviewer,4
1198,elalexgaray,7
1199,pedro_machado,7
1200,doingyomum,5
1201,gabo,4
1202,chelo24_,6
1203,likeluan,3
1204,bellsimoes,3
1205,joelelessar,7
1206,beatgirl,7
1207,mfoolonly,7
1208,robinnette,8
1209,tameimpaula,10
1210,shreyansh344,8
1211,katiezhu,3
1212,brunafeitosa,6
1213,gabrielppace,8
1214,renata_13,8
1215,edvardcat,5
1216,nikkoxaustria,6
1217,espinaviva,8
1218,soligless,10
1219,igluz,5
1220,mike_lord,7
1221,amihighno,7
1222,nathaliaserra,7
1223,yeremaia,10
1224,diplodocus00,4
1225,raygsalas,7
1226,albertorules,6
1227,nikiiisn,10
1228,felipebautista,8
1229,mazepo,10
1230,xgimoon,10
1231,emilio_16,10
1232,razielmcr,7
1233,fatabels,3
1234,sparan54,6
1235,jimena_lgro,8
1236,manoelmagalhaes,7
1237,benaiatavares,10
1238,trishcxi,10
1239,hgignac,6
1240,vuintrieri,6
1241,dmntngr,8
1242,punkik,7
1243,casasol,7
1244,chelsgmb,8
1245,souchousama,5
1246,avrilshoe,8
1247,widsith,7
1248,cardosososo,8
1249,sharenikes,5
1250,rafer1410,5
1251,mrhoward,5
1252,apoorv_,8
1253,nbfranklin,4
1254,laurenthemself,1
1255,charlestae28,6
1256,pandxsonic,8
1257,littleshadow,7
1258,allaneuzebio,6
1259,luizbarros,8
1260,bedioyskin,8
1261,renatodoho,6
1262,rangelgandrade,8
1263,motoqueiroghost,8
1264,marsuafa,6
1265,dstrangelove,8
1266,vindsval83,6
1267,stevequick,7
1268,mrdrenzaria,3
1269,grayeagle,8
1270,andreleporati,7
1271,cebad4,8
1272,ftzeitgeist,7
1273,cinthyajer,8
1274,pattygibs,7
1275,rifat_16,9
1276,whatdyousay,4
1277,mmccc,5
1278,bauti_blachere,9
1279,thecaluminati,7
1280,coeurparigino,8
1281,caprinosaltarin,7
1282,alesantillan,9
1283,yyouth,8
1284,victorcastro,8
1285,marianafalconi,8
1286,pedroandralme,5
1287,miguelsson,8
1288,antonio_aw,7
1289,micahwimmer,6
1290,007bernal,6
1291,davidnp78,4
1292,alexactonjones,6
1293,j9cookie,2
1294,sellito,7
1295,sofialima,4
1296,marveriss,10
1297,gabriela_brlz,7
1298,daniel_rosales,8
1299,brijandez,8
1300,nachoschz,6
1301,chargingbull,10
1302,gera_mamon,7
1303,pedrosaviolli,10
1304,laripinneiro,7
1305,hayando,7
1306,diegogmzm,6
1307,leodelrio,6
1308,zac007,6
1309,moraisf,8
1310,onortista,8
1311,vicadiaz,9
1312,lara123lara,7
1313,alonsodv,7
1314,guilhermeross,9
1315,avessa,5
1316,maryunu28,6
1317,isabellamadrid,7
1318,anahisinvida,4
1319,lovxseamon,8
1320,cweaks,5
1321,keishaaugustin,6
1322,jusbow5,7
1323,isolctions,5
1324,aoorson,6
1325,aannggeellaa,7
1326,madeleinehaley,8
1327,jackspira,6
1328,stellxz,7
1329,liam12345,3
1330,trinaray,5
1331,izzie_m,8
1332,oliverspira,7
1333,claramusick,4
1334,fatpotatoboy,4
1335,jaedaddy,6
1336,pedroff,5
1337,serenat,7
1338,champagneroll,3
1339,dbudi,1
1340,pablohuidobro7,6
1341,jelloparrilla,4
1342,alexismnoirot,7
1343,humgi,2
1344,mariathomas,6
1345,atsteel,4
1346,merrah,5
1347,pacha100tos,6
1348,pedroguima,7
1349,beautyno7,8
1350,senhor_ivan,3
1351,skrifman,6
1352,female_hysteria,7
1353,andromedip,8
1354,wimsadmojo,7
1355,victoriafphoto,8
1356,_aeon,5
1357,fetidhugs,6
1358,kubrickosawa,3
1359,vergcra,1
1360,lancealbatross,6
1361,rubvc,4
1362,jim_minent,6
1363,booksandbars,5
1364,muss306,6
1365,wandres,4
1366,itzelesc,1
1367,delorina007,7
1368,kimberlocks,6
1369,hahnaissance,8
1370,julianber,9
1371,mrnarci,7
1372,pamplemouz,6
1373,rebexca,5
1374,rebexca,5
1375,mark_sz,7
1376,foxsmulders,7
1377,diorpearson,4
1378,lgb92,6
1379,maruprestia,9
1380,annerism,4
1381,ummagumma,2
1382,irlannperkins,5
1383,billy_fragkos,4
1384,andybarberswife,6
1385,larn_,6
1386,slinkyman,4
1387,laraamarielle,6
1388,mrilhansolo,2
1389,noaverluyten,7
1390,jamxs,6
1391,bealesbelt,5
1392,mangrii,4
1393,anarchy1999,6
1394,gohamm,5
1395,nyssa_kunitz,4
1396,colbie_caillat,3
1397,placebos,5
1398,pyre64,5
1399,solngeloshaller,7
1400,duffernuts,7
1401,scarlxtwidow,4
1402,danilugoce,7
1403,giumartz,5
1404,edilmabarreto,8
1405,benjen,8
1406,turtlemanistic,9
1407,laursh1,10
1408,plsanchett,6
1409,lujandecuyo,6
1410,makhicenematic,4
1411,kirstenin,6
1412,mkuhlmann,4
1413,iyellit,4
1414,elnash,6
1415,tomtl,4
1416,david_sabot,6
1417,viera,7
1418,filmphiang,3
1419,baileymaierson,4
1420,cait_mal,5
1421,jmor,6
1422,heyyyrhiannon,6
1423,topcinemamoment,7
1424,kelapakotak,7
1425,ravenclawbro,5
1426,metalfist,8
1427,nadahenchir,6
1428,agathascoven,6
1429,milton16,10
1430,kabienvenue,6
1431,warlocksnow,6
1432,melissaboberg,8
1433,itsandrabolo,5
1434,gusstavotelles,8
1435,sean_metzger,8
1436,brooklynbeckham,6
1437,tuckhutch77,6
1438,acushla,6
1439,stella_g,4
1440,tugboatmcguire,8
1441,jesuscatlovebts,5
1442,rileyder,5
1443,koji154,6
1444,nathanlovemovie,10
1445,fionullah,8
1446,lauraamoir,7
1447,fin_28,9
1448,beetlejoose,6
1449,mrmovies2018,2
1450,cristalreis,5
1451,tasselicia,5
1452,sophrsiegel,8
1453,donataniemann,10
1454,ifoundchar,5
1455,mcpglrm,4
1456,unfavourite,4
1457,drdang,8
1458,rosieangel,5
1459,cine_magique,5
1460,wannabi,7
1461,sirochaves,8
1462,televape_,7
1463,freakylinks,6
1464,gabyrose,7
1465,metalmickey,6
1466,undodgedbullet,10
1467,casssidean,9
1468,joeyariza,9
1469,pearlkhurana,4
1470,awkwardaniel,7
1471,jakeblckmn,8
1472,dsho007,5
1473,izzathamizan,8
1474,marked_man,6
1475,trevorhollen,4
1476,stroonmuck,5
1477,axelmartini,6
1478,martinekelund,2
1479,nikkinique,7
1480,sandersolvak,3
1481,gabrielleerrose,8
1482,duckybuns,7
1483,triclosan,8
1484,ggglub,6
1485,vonclownemoji,6
1486,emckenzie,8
1487,anavls,1
1488,tsxxb_,7
1489,sethkate,7
1490,valen_pons,7
1491,johnnyt,6
1492,mjs6155,3
1493,jonnycraw,6
1494,script02,8
1495,gasparwayne,8
1496,onepointzero,6
1497,eebzay,5
1498,omar_caceres,7
1499,ruseka,8
1500,chichaldo,4
1501,ben_jamshidi,7
1502,mooimimi,7
1503,carlostagarro99,7
1504,mativino,9
1505,brandonwells,6
1506,keithl,6
1507,arlowe_,8
1508,leogulus,8
1509,maubcn,2
1510,heymigs,8
1511,jamtopdewey,7
1512,heretic,3
1513,frankiefilm,8
1514,jacobpetterson,7
1515,titabhabie,6
1516,emilyavocado,7
1517,sebastianzufelt,7
1518,doubleoscar,6
1519,kswoodyos,5
1520,ralph_merrye,4
1521,elis5e,6
1522,lackadaisical,4
1523,moviemath,6
1524,michaelxbates,3
1525,jjconstantine,5
1526,rmc,6
1527,jayhoosier,7
1528,ljstubbs,1
1529,ingridbergmilf,7
1530,jstoly,4
1531,she_expired,5
1532,elasticnoodles,5
1533,idfa,6
1534,agnesvrda,5
1535,cinephxlia,5
1536,akroksh,4
1537,daniel_orosdy,8
1538,gabeurbano,8
1539,perche,7
1540,sarahholm,6
1541,wilsonsz,6
1542,amk11,6
1543,daimajinde,7
1544,copyofacopyofa,4
1545,filmfreak97,8
1546,keyvan99,6
1547,adamshafer,5
1548,patlee_eeltap,7
1549,sydneypscaggs,4
1550,susanna1,2
1551,guilhermetc,8
1552,milesjw,5
1553,gloriaoliva,6
1554,robertjnichols,3
1555,thirteensprings,2
1556,patrickh83,8
1557,leshoob,5
1558,stabedarko,6
1559,unableferrara,7
1560,laurenochola,2
1561,reireiaguilar,6
1562,miguelcorona,7
1563,phnotf,5
1564,conradforeman,7
1565,alexmccrary,5
1566,jacobg66,6
1567,genispena,6
1568,n888888zzzz,9
1569,meaaty,5
1570,lukesiem,4
1571,kpatterson95,7
1572,jktaylor12,4
1573,kylemcanerney,2
1574,stevekosie,6
1575,alahr2,6
1576,shawhorton,4
1577,malala,6
1578,burphole,7
1579,antoniomb,7
1580,worrellpool,6
1581,lucas981,7
1582,cmidori,7
1583,ruraljuror30,9
1584,ebmsp,4
1585,prow,3
1586,ibrahim13,8
1587,alexliam,5
1588,love2read2,6
1589,thepandamayhem,7
1590,cthokes,1
1591,sam4mz4,6
1592,chloejanson,8
1593,tjworthington,9
1594,yellowwidow,5
1595,seancandon,6
1596,slasky15,5
1597,airfloyd,7
1598,ruseka,7
1599,ts25,8
1600,aquanarc,6
1601,flealick,6
1602,shaunline,6
1603,liesels,6
1604,galza,6
1605,cag1111,4
1606,sleepjogger,6
1607,marcaskane,5
1608,belgianfilmbuff,2
1609,luisproject,6
1610,greatgradegrate,6
1611,tristanstewart,6
1612,kingfunk5000,7
1613,willbidgood,4
1614,ohwowlulu,5
1615,apertureofdoom,6
1616,xbucket1,8
1617,diegomarzuil,5
1618,nicksav,4
1619,michaelparks11,6
1620,kikimiozzo,6
1621,sebastianprager,9
1622,nick_nova,5
1623,randomdawdler,8
1624,jonrocks62,8
1625,bj_slive,8
1626,theguy,5
1627,piets,8
1628,filmfan1971,6
1629,medienjournal,7
1630,jsanborn36,2
1631,manu9727,6
1632,sonomanstereo,5
1633,lukikriko,7
1634,lonelyspud,2
1635,iheartjesusfore,3
1636,unusedusername,5
1637,cristinapf,5
1638,cgatorb,5
1639,alangrant,5
1640,devchi,6
1641,trysteroo,5
1642,catcarlo,8
1643,gaffney2010,6
1644,foreverwatching,4
1645,morppheuz,4
1646,tabuno,8
1647,antoniooo,6
1648,ghostface75,5
1649,inga518,7
1650,gabigabi4,7
1651,brodiesfilmkrit,4
1652,themarkle,6
1653,lucevans,4
1654,cheko,6
1655,unknowncontrol,4
1656,freaksoda,5
1657,goodwin,6
1658,tjasa,4
1659,jennistonw,4
1660,m2nelso,7
1661,dwwilson66,4
1662,phoibee,8
1663,marianaruggeri,3
1664,simeontalksfilm,3
1665,bauti,6
1666,spawnofpring,5
1667,cobb,5
1668,lauramay,8
1669,existo,7
1670,luigi_crd,3
1671,albertofarina,5
1672,superxavier,8
1673,ivanbabic22,7
1674,mlag1994,8
1675,dorai,9
1676,omalleyg,6
1677,hermida,3
1678,mathhpf,6
1679,cogerson,6
1680,prince24,10
1681,juandaking,8
1682,slsrx,8
1683,vnsrfn,2
1684,backgas,4
1685,justineee,7
1686,dvleal2046,4
1687,amazedemon,7
1688,mistoppi,9
1689,thejenmath,7
1690,woodsro,7
1691,prof_ratigan,3
1692,thiagolucio,4
1693,rahbin,7
1694,focusyn,4
1695,sly3,4
1696,cassadee,2
1697,shockcorridor,5
1698,emilymas,6
1699,sambonie,8
1700,stani,4
1701,indiepxnk,8
1702,paoloerasmus,7
1703,stellastarstruk,4
1704,bokuwahmz,7
1705,dbcooper7,8
1706,godspeedhotfire,2
1707,leah_,6
1708,david_bautista,8
1709,dshie24601,6
1710,spandanzo,8
1711,gaines,6
1712,allaturka,8
1713,thori,2
1714,justindecloux,4
1715,macnade,6
1716,verurubs,9
1717,luisfzdz,4
1718,sharpelbows,4
1719,antoniobret,5
1720,ome,7
1721,neitherfamenor,6
1722,ahs_boy,8
1723,blissfulzwan,5
1724,davidjericho,7
1725,quintontrapp,3
1726,jessikatz,8
1727,mcstone24,3
1728,maxpayne,7
1729,siochembio,5
1730,filmlandempire,7
1731,tubbs,4
1732,janefondas,8
1733,silkee,6
1734,kaisergustaf,7
1735,gottadosomethin,6
1736,sarahguima,6
1737,leomaran,7
1738,marcelbde,4
1739,aahild,9
1740,aikkarapetian,4
1741,theactualjase,7
1742,moviebuoy,6
1743,moushira,4
1744,ryanstannage,6
1745,_stu_,4
1746,hooded_justice,4
1747,jon_kissel,6
1748,superjaz,6
1749,redhattedkid,6
1750,qwobble,7
1751,applynorules,7
1752,mjbillington,6
1753,nashkalina,6
1754,betodrm,8
1755,britbuffguy,7
1756,fred0,7
1757,pstead,6
1758,kajanus,2
1759,nihilist,5
1760,karlhorberg,3
1761,ghekkomanic,4
1762,arkmallen,4
1763,luis_989,5
1764,cathrm,6
1765,mafucage,5
1766,kb0799,4
1767,bill_condon,5
1768,lobsta,6
1769,cxxr,7
1770,habel,8
1771,woahitsjuanito,7
1772,blockbusterbaby,10
1773,aakanksha,8
1774,james1,6
1775,awertz23,2
1776,abritishsoul,6
1777,rkornhauser,7
1778,guiwm,8
1779,athina,8
1780,msigur87,2
1781,lebigstephen,7
1782,rtmother,5
1783,chriskrapek,5
1784,dorknxtdoor,6
1785,wakeupjyoo,5
1786,mau5headxz,8
1787,mfallsmom,4
1788,chump_change,8
1789,smalltowngirl,8
1790,smalltowngirl,8
1791,carboni,6
1792,cinemagazine,5
1793,stevencohen,5
1794,ramiraff,5
1795,joecampanella,4
1796,mrwarhol,6
1797,shmily87,5
1798,failedimitator,4
1799,kiarup,7
1800,allieflickchick,5
1801,momalley,7
1802,john_greco,6
1803,aymen,6
1804,coco_vega,7
1805,unpaino,6
1806,josefrodriguez,6
1807,kaplan,6
1808,afaviva,7
1809,cameronwjohnson,6
1810,nicolas1810,3
1811,katia,9
1812,wouterdebr,8
1813,coniglione,5
1814,chatters,5
1815,queque,6
1816,eevade,7
1817,ktepi,5
1818,unfinishedb1,4
1819,chmul_cr0n,7
1820,tarmosino,5
1821,hayley_s,4
1822,supermena,8
1823,sebastian_drogo,6
1824,htidea,6
1825,thomasjwilliams,5
1826,ladyhorrors,6
1827,dancampos,6
1828,sg23,9
1829,luisjaviermh,7
1830,blastersteve,6
1831,jpvitale,6
1832,dcbartel,3
1833,filmandnam,6
1834,spectrumculture,6
1835,wesleyemblidge,6
1836,markdujsik,5
1837,lucksaw,6
1838,mog1404,7
1839,glozanoele,5
1840,winslowleach,4
1841,alexthedinosaur,5
1842,odd_it,4
1843,hectordramos,7
1844,kbange,5
1845,mariorarara,6
1846,tommovieguy,7
1847,filmsnobreviews,5
1848,cadj,6
1849,kid_detective,7
1850,yeroc7890,6
1851,mirthbound,7
1852,mattystanfield,2
1853,amovieguy,6
1854,cornholio1980,7
1855,atsali,5
1856,messenscene,7
1857,fpellegrino,7
1858,rocker,6
1859,lund_carson,7
1860,perks,3
1861,mrcsh,8
1862,therealbeale,5
1863,josepablo32,4
1864,fightclubitis,4
1865,ribbonmc,7
1866,mistryious,5
1867,waltermedia,8
1868,vetemix,6
1869,garrydh,6
1870,john_doe,3
1871,hannahpancake,4
1872,seensome,7
1873,brad25m,5
1874,sootster,2
1875,filipe_freitas,7
1876,jaykay99,8
1877,kristine_a,7
1878,natthe,6
1879,eedgars,5
1880,_natalaki_,6
1881,moby_octopad,8
1882,djtigerpants,7
1883,wreckitdee,6
1884,lubber,7
1885,redstupid,6
1886,heychuck,7
1887,gubarenko,10
1888,lighthausshines,4
1889,dphbjs,6
1890,dimitrisdx,7
